{
  "gizmos-infos": {
    "is2D": true,
    "is3DIcon": false,
    "iconSize": 2,
    "gridVisible": true,
    "gridColor": [
      166,
      166,
      166,
      255
    ],
    "isIconGizmo3D": false,
    "iconGizmoSize": 2,
    "isGridVisible": true
  },
  "__version__": "1.0.0",
  "builder": {
    "taskOptionsMap": {},
    "__version__": "1.3.5"
  },
  "": {
    "sculpt_brush_rotate": 0
  },
  "camera-infos": {
    "c77ecaa8-c936-46c4-a5b0-98692673ed87": {
      "position": {
        "x": 749,
        "y": 501,
        "z": 5000
      },
      "rotation": {
        "x": 0,
        "y": 0,
        "z": 0,
        "w": 1
      },
      "viewCenter": {
        "x": 0,
        "y": 0,
        "z": 0
      }
    },
    "f5745576-746a-448d-8b5c-3a817ca6792c": {
      "position": {
        "x": 195.63749484388666,
        "y": 686.8728352966975,
        "z": 5000
      },
      "rotation": {
        "x": 0,
        "y": 0,
        "z": 0,
        "w": 1
      },
      "viewCenter": {
        "x": 0,
        "y": 0,
        "z": 0
      }
    },
    "630KQNUOtHJYrMN/fcUSAI": {
      "position": {
        "x": 348.2604689350369,
        "y": 695.1269065847771,
        "z": 5000
      },
      "rotation": {
        "x": 0,
        "y": 0,
        "z": 0,
        "w": 1
      },
      "viewCenter": {
        "x": 0,
        "y": 0,
        "z": 0
      }
    },
    "f2boudCDRPgLxKI7Dw6Qe6": {
      "position": {
        "x": 292.85429567036874,
        "y": 566.1512925224883,
        "z": 5000
      },
      "rotation": {
        "x": 0,
        "y": 0,
        "z": 0,
        "w": 1
      },
      "viewCenter": {
        "x": 0,
        "y": 0,
        "z": 0
      }
    },
    "d9Yp5oFulG2IniUfSXzETj": {
      "position": {
        "x": 466.99999999999994,
        "y": 310,
        "z": 5000
      },
      "rotation": {
        "x": 0,
        "y": 0,
        "z": 0,
        "w": 1
      },
      "viewCenter": {
        "x": 0,
        "y": 0,
        "z": 0
      }
    },
    "dagGQ312xEW7nsET+CTyqX": {
      "position": {
        "x": 303.56474441373376,
        "y": 695.0009044886481,
        "z": 5000
      },
      "rotation": {
        "x": 0,
        "y": 0,
        "z": 0,
        "w": 1
      },
      "viewCenter": {
        "x": 0,
        "y": 0,
        "z": 0
      }
    },
    "7eEnxjUfRHOZhhPAiUdkir": {
      "position": {
        "x": 252.5834507662621,
        "y": 641.8780483250366,
        "z": 5000
      },
      "rotation": {
        "x": 0,
        "y": 0,
        "z": 0,
        "w": 1
      },
      "viewCenter": {
        "x": 0,
        "y": 0,
        "z": 0
      }
    },
    "deE9f5IjJFCopiS9RcnxYZ": {
      "position": {
        "x": 312.47265093609843,
        "y": 382.5711664646705,
        "z": 5000
      },
      "rotation": {
        "x": 0,
        "y": 0,
        "z": 0,
        "w": 1
      },
      "viewCenter": {
        "x": 0,
        "y": 0,
        "z": 0
      }
    },
    "31CblNsfdID7sHs6JW471w": {
      "position": {
        "x": 144.98957740801364,
        "y": 732.1919615588391,
        "z": 5000
      },
      "rotation": {
        "x": 0,
        "y": 0,
        "z": 0,
        "w": 1
      },
      "viewCenter": {
        "x": 0,
        "y": 0,
        "z": 0
      }
    },
    "ecd9agr5hPPpFuY8yHrgx3": {
      "position": {
        "x": 241.25652215427465,
        "y": 697.3628714988123,
        "z": 5000
      },
      "rotation": {
        "x": 0,
        "y": 0,
        "z": 0,
        "w": 1
      },
      "viewCenter": {
        "x": 0,
        "y": 0,
        "z": 0
      }
    },
    "f1mLua6AdI9JQ0ARNNCwpR": {
      "position": {
        "x": 255.90515389557862,
        "y": 506.1505169900794,
        "z": 5000
      },
      "rotation": {
        "x": 0,
        "y": 0,
        "z": 0,
        "w": 1
      },
      "viewCenter": {
        "x": 0,
        "y": 0,
        "z": 0
      }
    },
    "08rXxHGK1HpIa39aD88q8f": {
      "position": {
        "x": 363.6322434562313,
        "y": 411.21236003136056,
        "z": 5000
      },
      "rotation": {
        "x": 0,
        "y": 0,
        "z": 0,
        "w": 1
      },
      "viewCenter": {
        "x": 0,
        "y": 0,
        "z": 0
      }
    },
    "fbKLx4ULtLqYReMMw24A24": {
      "position": {
        "x": 499.2997766168197,
        "y": 437.813037750185,
        "z": 5000
      },
      "rotation": {
        "x": 0,
        "y": 0,
        "z": 0,
        "w": 1
      },
      "viewCenter": {
        "x": 0,
        "y": 0,
        "z": 0
      }
    },
    "76SkySKuFN07iMU6DuXXcn": {
      "position": {
        "x": 382.5,
        "y": 369.5,
        "z": 5000
      },
      "rotation": {
        "x": 0,
        "y": 0,
        "z": 0,
        "w": 1
      },
      "viewCenter": {
        "x": 0,
        "y": 0,
        "z": 0
      }
    },
    "5acgp/cUxPJr2stLSZAzoK": {
      "position": {
        "x": 415.074127887002,
        "y": 581.6270075356235,
        "z": 5000
      },
      "rotation": {
        "x": 0,
        "y": 0,
        "z": 0,
        "w": 1
      },
      "viewCenter": {
        "x": 0,
        "y": 0,
        "z": 0
      }
    },
    "44K1hzajxEZr55U/TaxNtx": {
      "position": {
        "x": 334.2048885227458,
        "y": 598.7530773045775,
        "z": 5000
      },
      "rotation": {
        "x": 0,
        "y": 0,
        "z": 0,
        "w": 1
      },
      "viewCenter": {
        "x": 0,
        "y": 0,
        "z": 0
      }
    },
    "778u95+bhCmZYqMk4gTuLa": {
      "position": {
        "x": 386.99999999999994,
        "y": 333,
        "z": 5000
      },
      "rotation": {
        "x": 0,
        "y": 0,
        "z": 0,
        "w": 1
      },
      "viewCenter": {
        "x": 0,
        "y": 0,
        "z": 0
      }
    },
    "daqLPoE1NGlJ3N/wq8msB6": {
      "position": {
        "x": 386.99999999999994,
        "y": 333,
        "z": 5000
      },
      "rotation": {
        "x": 0,
        "y": 0,
        "z": 0,
        "w": 1
      },
      "viewCenter": {
        "x": 0,
        "y": 0,
        "z": 0
      }
    },
    "3addJ4Hg5DI7R00fc4Jw7L": {
      "position": {
        "x": 346.5122613758574,
        "y": 720.5462412809123,
        "z": 5000
      },
      "rotation": {
        "x": 0,
        "y": 0,
        "z": 0,
        "w": 1
      },
      "viewCenter": {
        "x": 0,
        "y": 0,
        "z": 0
      }
    },
    "b6vrRDHPtORpXsrtqw/YnV": {
      "position": {
        "x": 287.37784787376995,
        "y": 651.0492435190672,
        "z": 5000
      },
      "rotation": {
        "x": 0,
        "y": 0,
        "z": 0,
        "w": 1
      },
      "viewCenter": {
        "x": 0,
        "y": 0,
        "z": 0
      }
    },
    "85r7oyecJMBKx4lF+FSL4K": {
      "position": {
        "x": 288.4676145339652,
        "y": 550.0545023696682,
        "z": 5000
      },
      "rotation": {
        "x": 0,
        "y": 0,
        "z": 0,
        "w": 1
      },
      "viewCenter": {
        "x": 0,
        "y": 0,
        "z": 0
      }
    },
    "10lNntbiZCXIefyl1BYTK0": {
      "position": {
        "x": 418.9242481295129,
        "y": 594.0279515534647,
        "z": 5000
      },
      "rotation": {
        "x": 0,
        "y": 0,
        "z": 0,
        "w": 1
      },
      "viewCenter": {
        "x": 0,
        "y": 0,
        "z": 0
      }
    },
    "a1T0YdgB5HVZS8DVVJaQXz": {
      "position": {
        "x": 461.3287739698362,
        "y": 899.8903090175164,
        "z": 5000
      },
      "rotation": {
        "x": 0,
        "y": 0,
        "z": 0,
        "w": 1
      },
      "viewCenter": {
        "x": 0,
        "y": 0,
        "z": 0
      }
    },
    "e387a/9mhCRaWo8q8xHjPh": {
      "position": {
        "x": 170.72011632834017,
        "y": 729.7593427993336,
        "z": 5000
      },
      "rotation": {
        "x": 0,
        "y": 0,
        "z": 0,
        "w": 1
      },
      "viewCenter": {
        "x": 0,
        "y": 0,